<?xml version="1.0" encoding="utf-8"?>
<!-- Set window min and normal size -->
<Window size="400,400">
  <!-- Define the button with normal, hot and pushed image -->
  <Default name="MenuStrip" value="bkimage=&quot;file='menubar-bg.png'&quot; height=&quot;44&quot; " />
  <Default name="Menu" value="textpadding=&quot;10,0,10,0&quot; hotimage=&quot;file='menu-hover.png'&quot; " />
  <Default name="Button" value="width=&quot;80&quot; height=&quot;34&quot; padding=&quot;10,10,10,10&quot; normalimage=&quot;file='button-normal.png' hsl='true'&quot; hotimage=&quot;file='button-hover.png' hsl='true'&quot; pushedimage=&quot;file='button-hover.png' hsl='true'&quot; " />
  <Default name="Edit" value="width=&quot;157&quot; height=&quot;32&quot; padding=&quot;10,10,10,10&quot; textpadding=&quot;10,0,10,0&quot; bkcolor=&quot;#ffededed&quot; normalimage=&quot;file='edit-normal.png'&quot; hotimage=&quot;file='edit-hover.png'&quot; focusedimage=&quot;file='edit-hover.png'&quot; " />
  <Default name="Combo" value="width=&quot;157&quot; height=&quot;31&quot; padding=&quot;10,10,10,10&quot; textpadding=&quot;10,0,0,0&quot; normalimage=&quot;file='combobox-normal.png'&quot; " />
  <Default name="Option" value="normalimage=&quot;tab-normal.png&quot; hotimage=&quot;tab-hover.png&quot; pushedimage=&quot;tab-hover.png&quot; selectedimage=&quot;tab-hover.png&quot; " />
  <Default name="Progress" value="bkimage=&quot;file='progress-back.png'&quot; foreimage=&quot;file='progress-fore.png'&quot; min=&quot;0&quot; max=&quot;100&quot; height=&quot;27&quot; width=&quot;337&quot; " />
  <Default name="Slider" value="width=&quot;375&quot; height=&quot;17&quot; thumbsize=&quot;17,17&quot; bkimage=&quot;file='slider-bg.png'&quot; foreimage=&quot;file='slider-fg.png'&quot; thumbimage=&quot;file='thumb.png'&quot; min=&quot;0&quot; max=&quot;100&quot; " />
  <VerticalLayout inset="10,10,10,10" bkcolor="#ffededed" colorhsl="true">
    <MenuStrip>
      <Menu text="File(F)" width="80">
        <MenuElement text="     菜单测试0        ">
          <HorizontalLayout>
            <Label />
            <Label width="20"  bkimage="res='122' restype='png' source='0,0,16,16' dest='0,5,15,20'"/>
          </HorizontalLayout>
          <MenuElement text="     菜单测ddddddddddddddddddddddddddddddddddddddddddddddddddddddddddd试1        " />
          <MenuElement text="     菜单测试2        " />
        </MenuElement>
        <MenuElement text="     菜单测试3        " />
        <MenuElement text="     菜单测试4        ">
          <HorizontalLayout>
            <Label />
            <Label width="20"  bkimage="res='122' restype='png' source='0,0,16,16' dest='0,5,15,20'"/>
          </HorizontalLayout>
          <MenuElement text="     菜单测试5        ">
            <HorizontalLayout>
              <Label />
              <Label width="20"  bkimage="res='122' restype='png' source='0,0,16,16' dest='0,5,15,20'"/>
            </HorizontalLayout>
            <MenuElement text="     菜单测试6        " />
            <MenuElement text="     菜单测试7        " />
          </MenuElement>
          <MenuElement text="     菜单测试8        " >
            <HorizontalLayout>
              <Label />
              <Label width="20"  bkimage="res='122' restype='png' source='0,0,16,16' dest='0,5,15,20'"/>
            </HorizontalLayout>
            <MenuElement text="     菜单测试a        " />
            <MenuElement text="     菜单测试b       " />
          </MenuElement>
        </MenuElement>
        <MenuElement text="     菜单测试9        " />
      </Menu>
    </MenuStrip>
    <HorizontalLayout>
      <Edit name="edit1" text="DirectUIEntry" autocompletemode="Append" />
      <Edit text="DirectUIEntry" enabled="false" />
    </HorizontalLayout>
    <HorizontalLayout>
      <Combo>
        <ListLabelElement text="DirectUICombo" selected="true" />
        <ListLabelElement text="DirectUICombo" />
      </Combo>
      <Combo enabled="false">
        <ListLabelElement text="DirectUICombo" selected="true" />
        <ListLabelElement text="DirectUICombo" />
      </Combo>
    </HorizontalLayout>
    <HorizontalLayout>
      <Button text="button1" />
      <Button text="button2" enabled="false" />
    </HorizontalLayout>
    <HorizontalLayout>
      <Option pos="6, 0, 84, 26" float="true" text="Tab1"  group="contenttab" selected="true" />
      <Option pos="86, 0, 164, 26" float="true" text="Tab2" group="contenttab" />
      <Option pos="166, 0, 244, 26" float="true" text="Tab3" group="contenttab" />
    </HorizontalLayout>
    <HorizontalLayout>
      <Progress value="40" />
    </HorizontalLayout>
    <HorizontalLayout>
      <Slider value="20" />
    </HorizontalLayout>
  </VerticalLayout>
</Window>
