<?xml version="1.0" encoding="utf-8"?>
<!-- Set window min and normal size -->
<Window size="400,400" defaultfontcolor="0xFFFFFFFF">
  <!-- Define the button with normal, hot and pushed image -->
  <Default name="Button" value="width=&quot;80&quot; height=&quot;34&quot; padding=&quot;10,10,10,10&quot; normalimage=&quot;file='button-normal.png' hsl='true'&quot; hotimage=&quot;file='button-hover.png' hsl='true'&quot; pushedimage=&quot;file='button-pushed.png' hsl='true'&quot; " />
  <Default name="Edit" value="width=&quot;157&quot; height=&quot;32&quot; padding=&quot;10,10,10,10&quot; textpadding=&quot;10,0,0,0&quot; bkcolor=&quot;#FF393f3f&quot; normalimage=&quot;file='edit-normal.png'&quot; hotimage=&quot;file='edit-hover.png'&quot; focusedimage=&quot;file='edit-hover.png'&quot; " />
  <Default name="Combo" value="droptype=&quot;droplist&quot; width=&quot;157&quot; height=&quot;31&quot; padding=&quot;10,10,10,10&quot; textpadding=&quot;10,0,0,0&quot; normalimage=&quot;file='combobox-normal.png'&quot; " />
  <Default name="Option" value="normalimage=&quot;tabbar-normal.png&quot; hotimage=&quot;tabbar-hover.png&quot; pushedimage=&quot;tabbar-hover.png&quot; selectedimage=&quot;tabbar-hover.png&quot; " />
  <Default name="Progress" value="bkimage=&quot;file='progress-back.png'&quot; foreimage=&quot;file='progress-fore.png'&quot; min=&quot;0&quot; max=&quot;100&quot; height=&quot;24&quot; width=&quot;337&quot; " />
  <Default name="Slider" value="width=&quot;375&quot; height=&quot;17&quot; thumbsize=&quot;17,17&quot; bkimage=&quot;file='slider-bg.png'&quot; foreimage=&quot;file='slider-fg.png'&quot; thumbimage=&quot;file='thumb.png'&quot; min=&quot;0&quot; max=&quot;100&quot; " />
  <VerticalLayout inset="10,10,10,10" bkcolor="#FF393f3f" colorhsl="true">
    <HorizontalLayout>
      <Edit text="DirectUIEntry" />
      <Edit text="DirectUIEntry" enabled="false" />
    </HorizontalLayout>
    <HorizontalLayout>
      <Combo>
        <ListLabelElement text="DirectUICombo" selected="true" />
        <ListLabelElement text="DirectUICombo" />
      </Combo>
      <Combo enabled="false">
        <ListLabelElement text="DirectUICombo" selected="true" />
        <ListLabelElement text="DirectUICombo" />
      </Combo>
    </HorizontalLayout>
    <HorizontalLayout>
      <Button text="button1" />
      <Button text="button2" enabled="false" />
    </HorizontalLayout>
    <HorizontalLayout>
      <Option pos="6, 0, 84, 26" float="true" text="Tab1"  group="contenttab" selected="true" />
      <Option pos="86, 0, 164, 26" float="true" text="Tab2" group="contenttab" />
      <Option pos="166, 0, 244, 26" float="true" text="Tab3" group="contenttab" />
    </HorizontalLayout>
    <HorizontalLayout>
      <Progress value="40" />
    </HorizontalLayout>
    <HorizontalLayout>
      <Slider value="20" />
    </HorizontalLayout>
  </VerticalLayout>
</Window>
